{
    "1": {
        "time": 4.3199999709031545e-05,
        "nodes": 3,
        "cost": 1
    },
    "2": {
        "time": 5.1500001063686796e-05,
        "nodes": 5,
        "cost": 2
    },
    "3": {
        "time": 0.00010149999980058055,
        "nodes": 12,
        "cost": 3
    },
    "4": {
        "time": 9.76999999693362e-05,
        "nodes": 12,
        "cost": 4
    },
    "5": {
        "time": 0.0001388000000588363,
        "nodes": 17,
        "cost": 5
    },
    "6": {
        "time": 0.00019269999938842375,
        "nodes": 24,
        "cost": 6
    },
    "7": {
        "time": 0.00025749999986146577,
        "nodes": 31,
        "cost": 7
    },
    "8": {
        "time": 0.00035200000093027484,
        "nodes": 43,
        "cost": 8
    },
    "9": {
        "time": 0.000587200000154553,
        "nodes": 71,
        "cost": 9
    },
    "10": {
        "time": 0.0005856999996467493,
        "nodes": 69,
        "cost": 10
    },
    "11": {
        "time": 0.0008916000006138347,
        "nodes": 103,
        "cost": 11
    },
    "12": {
        "time": 0.003117500000371365,
        "nodes": 325,
        "cost": 12
    },
    "13": {
        "time": 0.0027723000002879417,
        "nodes": 319,
        "cost": 13
    },
    "14": {
        "time": 0.004043799999635667,
        "nodes": 458,
        "cost": 14
    },
    "15": {
        "time": 0.005628199998682248,
        "nodes": 632,
        "cost": 15
    },
    "16": {
        "time": 0.01113199999963399,
        "nodes": 1224,
        "cost": 16
    },
    "17": {
        "time": 0.021772199999759323,
        "nodes": 2330,
        "cost": 17
    },
    "18": {
        "time": 0.025563699999111122,
        "nodes": 2757,
        "cost": 18
    },
    "19": {
        "time": 0.04302280000047176,
        "nodes": 4558,
        "cost": 19
    },
    "20": {
        "time": 0.08643429999938235,
        "nodes": 7873,
        "cost": 20
    }
}