{
    "1": {
        "time": 0.00036580000050889794,
        "nodes": 2,
        "cost": 1
    },
    "2": {
        "time": 0.00017750000006344635,
        "nodes": 7,
        "cost": 2
    },
    "3": {
        "time": 0.0002362000013818033,
        "nodes": 19,
        "cost": 3
    },
    "4": {
        "time": 0.00048269999933836516,
        "nodes": 52,
        "cost": 4
    },
    "5": {
        "time": 0.0007347000009758631,
        "nodes": 90,
        "cost": 5
    },
    "6": {
        "time": 0.0009143999996013008,
        "nodes": 121,
        "cost": 6
    },
    "7": {
        "time": 0.002058000000033644,
        "nodes": 282,
        "cost": 7
    },
    "8": {
        "time": 0.002001499999096268,
        "nodes": 279,
        "cost": 8
    },
    "9": {
        "time": 0.005141800000274088,
        "nodes": 704,
        "cost": 9
    },
    "10": {
        "time": 0.007832400000552298,
        "nodes": 1108,
        "cost": 10
    },
    "11": {
        "time": 0.0149546000011469,
        "nodes": 2044,
        "cost": 11
    },
    "12": {
        "time": 0.018050799999400624,
        "nodes": 2532,
        "cost": 12
    },
    "13": {
        "time": 0.032047499998952844,
        "nodes": 4525,
        "cost": 13
    },
    "14": {
        "time": 0.049382700000933255,
        "nodes": 6971,
        "cost": 14
    },
    "15": {
        "time": 0.12538470000072266,
        "nodes": 13244,
        "cost": 15
    },
    "16": {
        "time": 0.1258559999987483,
        "nodes": 17524,
        "cost": 16
    },
    "17": {
        "time": 0.1712403000001359,
        "nodes": 23536,
        "cost": 17
    },
    "18": {
        "time": 0.4286093999999139,
        "nodes": 54086,
        "cost": 18
    },
    "19": {
        "time": 0.48853239999880316,
        "nodes": 61846,
        "cost": 19
    },
    "20": {
        "time": 0.7174186000011105,
        "nodes": 78090,
        "cost": 20
    }
}