{
    "1": {
        "time": 0.0001300999992963625,
        "nodes": 16,
        "cost": 1
    },
    "2": {
        "time": 0.00040099999932863284,
        "nodes": 39,
        "cost": 2
    },
    "3": {
        "time": 0.00036729999919771217,
        "nodes": 56,
        "cost": 3
    },
    "4": {
        "time": 0.0013434000011329772,
        "nodes": 172,
        "cost": 4
    },
    "5": {
        "time": 0.0019406999999773689,
        "nodes": 280,
        "cost": 5
    },
    "6": {
        "time": 0.0007607000006828457,
        "nodes": 113,
        "cost": 6
    },
    "7": {
        "time": 0.005208299999139854,
        "nodes": 760,
        "cost": 7
    },
    "8": {
        "time": 0.001837899999372894,
        "nodes": 271,
        "cost": 8
    },
    "9": {
        "time": 0.01160380000146688,
        "nodes": 1664,
        "cost": 9
    },
    "10": {
        "time": 0.021182000000408152,
        "nodes": 3037,
        "cost": 10
    },
    "11": {
        "time": 0.0388492000001861,
        "nodes": 5549,
        "cost": 11
    },
    "12": {
        "time": 0.006255700000110664,
        "nodes": 919,
        "cost": 12
    },
    "13": {
        "time": 0.06313520000003336,
        "nodes": 9044,
        "cost": 13
    },
    "14": {
        "time": 0.11692000000039116,
        "nodes": 16624,
        "cost": 14
    },
    "15": {
        "time": 0.2546165999992809,
        "nodes": 35878,
        "cost": 15
    },
    "16": {
        "time": 0.33279660000152944,
        "nodes": 41790,
        "cost": 16
    },
    "17": {
        "time": 0.07832020000023476,
        "nodes": 11304,
        "cost": 17
    },
    "18": {
        "time": 1.0834460000005492,
        "nodes": 140386,
        "cost": 18
    },
    "19": {
        "time": 0.7793686999993952,
        "nodes": 99300,
        "cost": 19
    },
    "20": {
        "time": 0.5760534000000916,
        "nodes": 80222,
        "cost": 20
    }
}