{
    "1": {
        "time": 3.889999970851932e-05,
        "nodes": 2,
        "cost": 1
    },
    "2": {
        "time": 4.799999987881165e-05,
        "nodes": 4,
        "cost": 2
    },
    "3": {
        "time": 9.409999984200113e-05,
        "nodes": 11,
        "cost": 3
    },
    "4": {
        "time": 9.080000018002465e-05,
        "nodes": 11,
        "cost": 4
    },
    "5": {
        "time": 0.00012960000094608404,
        "nodes": 15,
        "cost": 5
    },
    "6": {
        "time": 0.00017800000023271423,
        "nodes": 23,
        "cost": 6
    },
    "7": {
        "time": 0.0023847000011301134,
        "nodes": 299,
        "cost": 35
    },
    "8": {
        "time": 0.0002179000002797693,
        "nodes": 28,
        "cost": 8
    },
    "9": {
        "time": 0.0002854999984265305,
        "nodes": 38,
        "cost": 9
    },
    "10": {
        "time": 0.016534000000319793,
        "nodes": 1995,
        "cost": 112
    },
    "11": {
        "time": 0.0004554999995889375,
        "nodes": 56,
        "cost": 11
    },
    "12": {
        "time": 0.0011195999995834427,
        "nodes": 139,
        "cost": 22
    },
    "13": {
        "time": 0.007666999999855761,
        "nodes": 935,
        "cost": 39
    },
    "14": {
        "time": 0.004774799999722745,
        "nodes": 591,
        "cost": 60
    },
    "15": {
        "time": 0.012856600000304752,
        "nodes": 1568,
        "cost": 103
    },
    "16": {
        "time": 0.01839800000016112,
        "nodes": 2226,
        "cost": 76
    },
    "17": {
        "time": 0.024080399998638313,
        "nodes": 2882,
        "cost": 99
    },
    "18": {
        "time": 0.02769090000037977,
        "nodes": 3360,
        "cost": 112
    },
    "19": {
        "time": 0.013347200001589954,
        "nodes": 1639,
        "cost": 69
    },
    "20": {
        "time": 0.021553299999141018,
        "nodes": 2614,
        "cost": 128
    }
}