{
    "1": {
        "time": 4.9000000217347406e-05,
        "nodes": 7,
        "cost": 1
    },
    "2": {
        "time": 0.00011889999950653873,
        "nodes": 18,
        "cost": 2
    },
    "3": {
        "time": 0.0002148000003217021,
        "nodes": 32,
        "cost": 3
    },
    "4": {
        "time": 0.0006112000010034535,
        "nodes": 91,
        "cost": 4
    },
    "5": {
        "time": 0.0011126000008516712,
        "nodes": 160,
        "cost": 5
    },
    "6": {
        "time": 0.00048690000039641745,
        "nodes": 71,
        "cost": 6
    },
    "7": {
        "time": 0.0032534000001760432,
        "nodes": 457,
        "cost": 7
    },
    "8": {
        "time": 0.0010980999995808816,
        "nodes": 160,
        "cost": 8
    },
    "9": {
        "time": 0.006739600001310464,
        "nodes": 968,
        "cost": 9
    },
    "10": {
        "time": 0.044326200000796234,
        "nodes": 1798,
        "cost": 10
    },
    "11": {
        "time": 0.0237492000014754,
        "nodes": 3359,
        "cost": 11
    },
    "12": {
        "time": 0.0038817999993625563,
        "nodes": 556,
        "cost": 12
    },
    "13": {
        "time": 0.038274700000329176,
        "nodes": 5426,
        "cost": 13
    },
    "14": {
        "time": 0.07318060000034166,
        "nodes": 10156,
        "cost": 14
    },
    "15": {
        "time": 0.195372000000134,
        "nodes": 22108,
        "cost": 15
    },
    "16": {
        "time": 0.1981845999998768,
        "nodes": 25869,
        "cost": 16
    },
    "17": {
        "time": 0.04849130000002333,
        "nodes": 6843,
        "cost": 17
    },
    "18": {
        "time": 0.7374471999992238,
        "nodes": 92122,
        "cost": 18
    },
    "19": {
        "time": 0.5030018999987078,
        "nodes": 63807,
        "cost": 19
    },
    "20": {
        "time": 0.40282400000069174,
        "nodes": 51035,
        "cost": 20
    }
}