{
    "1": {
        "time": 0.000213699999221717,
        "nodes": 7,
        "cost": 1
    },
    "2": {
        "time": 0.00025629999981902074,
        "nodes": 14,
        "cost": 2
    },
    "3": {
        "time": 0.00036019999970449135,
        "nodes": 34,
        "cost": 3
    },
    "4": {
        "time": 0.0008309000004373956,
        "nodes": 100,
        "cost": 4
    },
    "5": {
        "time": 0.0009477000003244029,
        "nodes": 116,
        "cost": 5
    },
    "6": {
        "time": 0.0016340000001946464,
        "nodes": 212,
        "cost": 6
    },
    "7": {
        "time": 0.0024203000011766562,
        "nodes": 314,
        "cost": 7
    },
    "8": {
        "time": 0.005415099998572259,
        "nodes": 634,
        "cost": 8
    },
    "9": {
        "time": 0.010044099999504397,
        "nodes": 1226,
        "cost": 9
    },
    "10": {
        "time": 0.01488930000050459,
        "nodes": 1828,
        "cost": 10
    },
    "11": {
        "time": 0.024282899999889196,
        "nodes": 2976,
        "cost": 11
    },
    "12": {
        "time": 0.041851199999655364,
        "nodes": 5126,
        "cost": 12
    },
    "13": {
        "time": 0.06230340000001888,
        "nodes": 7616,
        "cost": 13
    },
    "14": {
        "time": 0.09411530000033963,
        "nodes": 11522,
        "cost": 14
    },
    "15": {
        "time": 0.15976080000109505,
        "nodes": 15592,
        "cost": 15
    },
    "16": {
        "time": 0.2586253999998007,
        "nodes": 30168,
        "cost": 16
    },
    "17": {
        "time": 0.46309870000004594,
        "nodes": 48815,
        "cost": 17
    },
    "18": {
        "time": 0.8250043999996706,
        "nodes": 83406,
        "cost": 18
    },
    "19": {
        "time": 1.0059289000000717,
        "nodes": 100925,
        "cost": 19
    },
    "20": {
        "time": 1.3638369000000239,
        "nodes": 138184,
        "cost": 20
    }
}